diagnosis,count,mean_radius,median_radius,sd_radius,min_radius,max_radius,range_radius
B,357,12.14652380952381,12.2,1.7805116461410386,6.981,17.85,10.869000000000002
M,212,17.462830188679245,17.325000000000003,3.2039711007793663,10.95,28.11,17.16
